<?xml version = '1.0' encoding = 'UTF-8'?>
<FKIndexAssociation class="oracle.dbtools.crest.model.design.relational.FKIndexAssociation" directorySegmentName="seg_0" id="40566E9B-38E0-F582-A104-48E51A207AF8" containerWithKeyObject="6BF6AE1D-4DB9-FBF7-3527-81F67445366B" localFKIndex="D28994C4-CEEF-2F8D-BFF1-A220C7CAC2B8" name="relacao_Plantação_FK">
<createdBy>vitor</createdBy>
<createdTime>2025-04-19 22:40:25 UTC</createdTime>
<generatorID>76C3BA22-61BB-AA9B-71E0-2AC6E5C3A1F0</generatorID>
<ownerDesignName>mer</ownerDesignName>
<referredTableLongName>Plantação</referredTableLongName>
<deleteRule>NO ACTION</deleteRule>
<referredTableID>3BDFF185-7F63-F930-40BE-07CBCD9F8FA9</referredTableID>
<keyObject>CBF6323C-E69B-C2D5-EC24-26A35869AFDE</keyObject>
<referredKeyID>CBF6323C-E69B-C2D5-EC24-26A35869AFDE</referredKeyID>
<mandatory>true</mandatory>
<refColNames>id_plantacao</refColNames>
<transferable>true</transferable>
<rely>false</rely>
<columnDependencyConstraintGenerateInDDL>true</columnDependencyConstraintGenerateInDDL>
</FKIndexAssociation>