<?xml version = '1.0' encoding = 'UTF-8'?>
<FKIndexAssociation class="oracle.dbtools.crest.model.design.relational.FKIndexAssociation" directorySegmentName="seg_0" id="9AFCF835-22BF-1B60-7871-E3F2C34316CE" containerWithKeyObject="CC03723A-5B22-C88A-70F8-470F15811FAC" localFKIndex="03C8B7F9-DD1F-80B0-6853-CFB767947B7A" name="Leitura_Sensor_FK">
<createdBy>vitor</createdBy>
<createdTime>2025-04-19 22:45:14 UTC</createdTime>
<generatorID>3411B019-043B-B2E3-BF91-EA1D425A5D0D</generatorID>
<ownerDesignName>mer</ownerDesignName>
<referredTableLongName>Sensor</referredTableLongName>
<deleteRule>NO ACTION</deleteRule>
<referredTableID>8603E60F-3414-75C9-84B5-76A537C90D81</referredTableID>
<keyObject>F2686094-942C-6145-0B94-50147115AF8D</keyObject>
<referredKeyID>F2686094-942C-6145-0B94-50147115AF8D</referredKeyID>
<mandatory>true</mandatory>
<refColNames>id_sensor</refColNames>
<transferable>true</transferable>
<rely>false</rely>
<columnDependencyConstraintGenerateInDDL>true</columnDependencyConstraintGenerateInDDL>
</FKIndexAssociation>