<?xml version = '1.0' encoding = 'UTF-8'?>
<Diagram class="oracle.dbtools.crest.swingui.logical.DPVLogical" name="Logical" id="F572B847-7824-4D84-5786-56DA5A4B8087">
<createdBy>vitor</createdBy>
<modifiedBy>vitor</modifiedBy>
<createdTime>2025-04-19 21:21:15 UTC</createdTime>
<autoRoute>false</autoRoute>
<boxInbox>true</boxInbox>
<showLegend>false</showLegend>
<showLabels>false</showLabels>
<showRelAttributes>false</showRelAttributes>
<gridEnabled>false</gridEnabled>
<showGrid>false</showGrid>
<diagramColor>-1</diagramColor>
<display>false</display>
<notation>1</notation>
<objectViews>
<OView class="oracle.dbtools.crest.swingui.logical.TVEntity" oid="44C3FEB3-0B87-10D1-4AF6-132D52BFA682" otype="Entity" vid="3250DB66-526A-3B30-D606-A45BAE7088B6">
<hideElementsInCurrentOnly>false</hideElementsInCurrentOnly>
<bounds x="215" y="218" width="170" height="110"/>
</OView>
<OView class="oracle.dbtools.crest.swingui.logical.TVEntity" oid="4596F08F-9267-F934-0E1E-F975AAC28115" otype="Entity" vid="3CA80391-4B90-7A08-614C-30C25313597F">
<hideElementsInCurrentOnly>false</hideElementsInCurrentOnly>
<bounds x="987" y="279" width="170" height="110"/>
</OView>
<OView class="oracle.dbtools.crest.swingui.logical.TVEntity" oid="48984C33-77E6-3688-CB88-4B0BC103EE94" otype="Entity" vid="E259FFB9-E089-377C-5842-3F5A81BE58C9">
<hideElementsInCurrentOnly>false</hideElementsInCurrentOnly>
<bounds x="488" y="407" width="170" height="110"/>
</OView>
<OView class="oracle.dbtools.crest.swingui.logical.TVEntity" oid="4A6EBD54-48B3-B098-7614-CC8E9E937CC6" otype="Entity" vid="36E20906-FB19-8E42-1C75-C65881BD230D">
<hideElementsInCurrentOnly>false</hideElementsInCurrentOnly>
<bounds x="490" y="219" width="170" height="139"/>
</OView>
<OView class="oracle.dbtools.crest.swingui.logical.TVEntity" oid="A4389AC9-DDBF-2A22-90EF-F5E3AC38C0D6" otype="Entity" vid="D164291B-A4B7-0802-D3C7-6EDAB3D47F0B">
<hideElementsInCurrentOnly>false</hideElementsInCurrentOnly>
<bounds x="214" y="405" width="170" height="110"/>
</OView>
</objectViews>
<connectors>
<Connector class="oracle.dbtools.crest.swingui.logical.TVRelation" oid="3411B019-043B-B2E3-BF91-EA1D425A5D0D" otype="Relation" vid_source="3250DB66-526A-3B30-D606-A45BAE7088B6" vid_target="36E20906-FB19-8E42-1C75-C65881BD230D">
<hideElementsInCurrentOnly>false</hideElementsInCurrentOnly>
<backgroundColor>-16777216</backgroundColor>
<lineWidth>1</lineWidth>
<points>
<point x="385" y="273"/>
<point x="490" y="273"/>
</points>
</Connector>
<Connector class="oracle.dbtools.crest.swingui.logical.TVRelation" oid="76C3BA22-61BB-AA9B-71E0-2AC6E5C3A1F0" otype="Relation" vid_source="36E20906-FB19-8E42-1C75-C65881BD230D" vid_target="E259FFB9-E089-377C-5842-3F5A81BE58C9">
<hideElementsInCurrentOnly>false</hideElementsInCurrentOnly>
<backgroundColor>-16777216</backgroundColor>
<lineWidth>1</lineWidth>
<points>
<point x="574" y="358"/>
<point x="574" y="407"/>
</points>
</Connector>
<Connector class="oracle.dbtools.crest.swingui.logical.TVRelation" oid="F2B12341-FC5A-8E8D-1C4F-2F61BCF0DB84" otype="Relation" vid_source="D164291B-A4B7-0802-D3C7-6EDAB3D47F0B" vid_target="E259FFB9-E089-377C-5842-3F5A81BE58C9">
<hideElementsInCurrentOnly>false</hideElementsInCurrentOnly>
<backgroundColor>-16777216</backgroundColor>
<lineWidth>1</lineWidth>
<points>
<point x="384" y="461"/>
<point x="488" y="461"/>
</points>
</Connector>
</connectors>
</Diagram>