<?xml version = '1.0' encoding = 'UTF-8'?>
<Diagram class="oracle.dbtools.crest.swingui.relational.DPVRelational" name="Relational_1" id="97D31AE3-D9D0-3ED9-5AB7-45D97BEFA5D1">
<createdBy>vitor</createdBy>
<modifiedBy>vitor</modifiedBy>
<createdTime>2025-04-19 22:40:25 UTC</createdTime>
<autoRoute>false</autoRoute>
<boxInbox>true</boxInbox>
<showLegend>false</showLegend>
<showLabels>false</showLabels>
<showRelAttributes>false</showRelAttributes>
<gridEnabled>false</gridEnabled>
<showGrid>false</showGrid>
<diagramColor>-1</diagramColor>
<display>false</display>
<notation>1</notation>
<objectViews>
<OView class="oracle.dbtools.crest.swingui.relational.TVTable" oid="3BDFF185-7F63-F930-40BE-07CBCD9F8FA9" otype="Table" vid="2B0937EA-E5B8-A5E5-9894-044379906FE5">
<hideElementsInCurrentOnly>false</hideElementsInCurrentOnly>
<bounds x="564" y="426" width="170" height="110"/>
</OView>
<OView class="oracle.dbtools.crest.swingui.relational.TVTable" oid="5775968C-D0B4-EE56-3560-8400C6AE9B13" otype="Table" vid="9FF6B2F3-6C80-1D29-1E9A-CA4178AF5E84">
<hideElementsInCurrentOnly>false</hideElementsInCurrentOnly>
<bounds x="97" y="391" width="318" height="148"/>
</OView>
<OView class="oracle.dbtools.crest.swingui.relational.TVTable" oid="6BF6AE1D-4DB9-FBF7-3527-81F67445366B" otype="Table" vid="962C0827-8A9E-6F11-E6DE-7EF35030935B">
<hideElementsInCurrentOnly>false</hideElementsInCurrentOnly>
<bounds x="476" y="249" width="333" height="110"/>
</OView>
<OView class="oracle.dbtools.crest.swingui.relational.TVTable" oid="8603E60F-3414-75C9-84B5-76A537C90D81" otype="Table" vid="C471C3B2-0CCB-C30D-4720-D199578E8F4C">
<hideElementsInCurrentOnly>false</hideElementsInCurrentOnly>
<bounds x="156" y="49" width="170" height="110"/>
</OView>
<OView class="oracle.dbtools.crest.swingui.relational.TVTable" oid="CC03723A-5B22-C88A-70F8-470F15811FAC" otype="Table" vid="9CBB92CE-99FA-EA90-09EA-D53173C4DA9E">
<hideElementsInCurrentOnly>false</hideElementsInCurrentOnly>
<bounds x="518" y="26" width="246" height="190"/>
</OView>
<OView class="oracle.dbtools.crest.swingui.relational.TVTable" oid="FBF0B2B0-6B94-4764-4EA3-599F9F28A954" otype="Table" vid="1C6945B5-A262-A5DE-1CE3-C9969650F99D">
<hideElementsInCurrentOnly>false</hideElementsInCurrentOnly>
<bounds x="987" y="279" width="170" height="110"/>
</OView>
</objectViews>
<connectors>
<Connector class="oracle.dbtools.crest.swingui.relational.TVFKRelation" oid="40566E9B-38E0-F582-A104-48E51A207AF8" otype="FKIndexAssociation" vid_source="2B0937EA-E5B8-A5E5-9894-044379906FE5" vid_target="962C0827-8A9E-6F11-E6DE-7EF35030935B">
<hideElementsInCurrentOnly>false</hideElementsInCurrentOnly>
<backgroundColor>-16777216</backgroundColor>
<lineWidth>1</lineWidth>
<points>
<point x="649" y="426"/>
<point x="649" y="359"/>
</points>
</Connector>
<Connector class="oracle.dbtools.crest.swingui.relational.TVFKRelation" oid="9AFCF835-22BF-1B60-7871-E3F2C34316CE" otype="FKIndexAssociation" vid_source="C471C3B2-0CCB-C30D-4720-D199578E8F4C" vid_target="9CBB92CE-99FA-EA90-09EA-D53173C4DA9E">
<hideElementsInCurrentOnly>false</hideElementsInCurrentOnly>
<backgroundColor>-16777216</backgroundColor>
<lineWidth>1</lineWidth>
<points>
<point x="326" y="104"/>
<point x="518" y="104"/>
</points>
</Connector>
<Connector class="oracle.dbtools.crest.swingui.relational.TVFKRelation" oid="B462A1C0-6E8A-27DF-ADF5-B11A4071C5A7" otype="FKIndexAssociation" vid_source="9FF6B2F3-6C80-1D29-1E9A-CA4178AF5E84" vid_target="2B0937EA-E5B8-A5E5-9894-044379906FE5">
<hideElementsInCurrentOnly>false</hideElementsInCurrentOnly>
<backgroundColor>-16777216</backgroundColor>
<lineWidth>1</lineWidth>
<points>
<point x="415" y="481"/>
<point x="564" y="481"/>
</points>
</Connector>
<Connector class="oracle.dbtools.crest.swingui.relational.TVFKRelation" oid="E94E2F7D-3539-9541-21D6-E4EF876A43F7" otype="FKIndexAssociation" vid_source="9CBB92CE-99FA-EA90-09EA-D53173C4DA9E" vid_target="962C0827-8A9E-6F11-E6DE-7EF35030935B">
<hideElementsInCurrentOnly>false</hideElementsInCurrentOnly>
<backgroundColor>-16777216</backgroundColor>
<lineWidth>1</lineWidth>
<points>
<point x="641" y="216"/>
<point x="641" y="249"/>
</points>
</Connector>
</connectors>
</Diagram>