<?xml version = '1.0' encoding = 'UTF-8'?>
<Relation class="oracle.dbtools.crest.model.design.logical.Relation" name="relacao" directorySegmentName="seg_0" id="76C3BA22-61BB-AA9B-71E0-2AC6E5C3A1F0">
<createdBy>vitor</createdBy>
<createdTime>2025-04-19 22:33:53 UTC</createdTime>
<ownerDesignName>mer</ownerDesignName>
<engineerTo>
<item key="80F4B51F-6A32-81B6-F4EC-C92B9FFACB75" value="true"/>
</engineerTo>
<identifying>false</identifying>
<optionalSource>true</optionalSource>
<optionalTarget>false</optionalTarget>
<sourceCardinality>*</sourceCardinality>
<sourceEntity>4A6EBD54-48B3-B098-7614-CC8E9E937CC6</sourceEntity>
<targetCardinalityString>*</targetCardinalityString>
<targetEntity>48984C33-77E6-3688-CB88-4B0BC103EE94</targetEntity>
<transferable>true</transferable>
<deleteRule>NO ACTION</deleteRule>
</Relation>