<?xml version = '1.0' encoding = 'UTF-8'?>
<Entity class="oracle.dbtools.crest.model.design.logical.Entity" directorySegmentName="seg_0" id="4596F08F-9267-F934-0E1E-F975AAC28115" name="Leitura_Plantação">
<createdBy>vitor</createdBy>
<createdTime>2025-04-19 22:27:44 UTC</createdTime>
<ownerDesignName>mer</ownerDesignName>
<engineerTo>
<item key="80F4B51F-6A32-81B6-F4EC-C92B9FFACB75" value="true"/>
</engineerTo>
<adequatelyNormalized>NO</adequatelyNormalized>
<expectedVolumes>0</expectedVolumes>
<fwdEngineeringStrategyName>Single Table</fwdEngineeringStrategyName>
<growthPercent>0</growthPercent>
<growthType>Year</growthType>
<maxVolumes>9999999</maxVolumes>
<minVolumes>0</minVolumes>
<normalForm>Third</normalForm>
<attributes itemClass="oracle.dbtools.crest.model.design.logical.Attribute">
<Attribute name="id_leitura" id="DEB064D2-472E-6ED5-F9FA-2516865EEA8C">
<createdBy>vitor</createdBy>
<createdTime>2025-04-19 22:30:06 UTC</createdTime>
<ownerDesignName>mer</ownerDesignName>
<engineerTo>
<item key="80F4B51F-6A32-81B6-F4EC-C92B9FFACB75" value="true"/>
</engineerTo>
<useDomainConstraints>false</useDomainConstraints>
<use>1</use>
<logicalDatatype>LOGDT011</logicalDatatype>
<ownDataTypeParameters>,,</ownDataTypeParameters>
</Attribute>
<Attribute name="id_plantacao" id="745CCF30-A36E-0450-F3ED-F597F7F650F0">
<createdBy>vitor</createdBy>
<createdTime>2025-04-19 22:30:32 UTC</createdTime>
<ownerDesignName>mer</ownerDesignName>
<engineerTo>
<item key="80F4B51F-6A32-81B6-F4EC-C92B9FFACB75" value="true"/>
</engineerTo>
<useDomainConstraints>false</useDomainConstraints>
<use>1</use>
<logicalDatatype>LOGDT011</logicalDatatype>
<ownDataTypeParameters>,,</ownDataTypeParameters>
</Attribute>
</attributes>
</Entity>