<?xml version = '1.0' encoding = 'UTF-8'?>
<Entity class="oracle.dbtools.crest.model.design.logical.Entity" directorySegmentName="seg_0" id="48984C33-77E6-3688-CB88-4B0BC103EE94" name="Plantação">
<createdBy>vitor</createdBy>
<createdTime>2025-04-19 21:25:55 UTC</createdTime>
<ownerDesignName>mer</ownerDesignName>
<engineerTo>
<item key="80F4B51F-6A32-81B6-F4EC-C92B9FFACB75" value="true"/>
</engineerTo>
<adequatelyNormalized>NO</adequatelyNormalized>
<expectedVolumes>0</expectedVolumes>
<fwdEngineeringStrategyName>Single Table</fwdEngineeringStrategyName>
<growthPercent>0</growthPercent>
<growthType>Year</growthType>
<maxVolumes>9999999</maxVolumes>
<minVolumes>0</minVolumes>
<normalForm>Third</normalForm>
<attributes itemClass="oracle.dbtools.crest.model.design.logical.Attribute">
<Attribute name="id_plantacao " id="07D7D34B-8A33-891F-8ED3-7E8D7C1078CB">
<createdBy>vitor</createdBy>
<createdTime>2025-04-19 21:26:17 UTC</createdTime>
<ownerDesignName>mer</ownerDesignName>
<engineerTo>
<item key="80F4B51F-6A32-81B6-F4EC-C92B9FFACB75" value="true"/>
</engineerTo>
<useDomainConstraints>false</useDomainConstraints>
<use>1</use>
<logicalDatatype>LOGDT011</logicalDatatype>
<ownDataTypeParameters>,,</ownDataTypeParameters>
</Attribute>
<Attribute name="nome_cultura" id="AB56F164-BEA0-2729-913B-92B18D33FC7B">
<createdBy>vitor</createdBy>
<createdTime>2025-04-19 21:26:44 UTC</createdTime>
<ownerDesignName>mer</ownerDesignName>
<engineerTo>
<item key="80F4B51F-6A32-81B6-F4EC-C92B9FFACB75" value="true"/>
</engineerTo>
<useDomainConstraints>false</useDomainConstraints>
<use>1</use>
<logicalDatatype>LOGDT024</logicalDatatype>
<dataTypeSize>100</dataTypeSize>
<ownDataTypeParameters>100,,</ownDataTypeParameters>
</Attribute>
<Attribute name="localizacao" id="982DC1EB-987E-F3D1-7EB2-9F5C987B16EB">
<createdBy>vitor</createdBy>
<createdTime>2025-04-19 21:27:05 UTC</createdTime>
<ownerDesignName>mer</ownerDesignName>
<engineerTo>
<item key="80F4B51F-6A32-81B6-F4EC-C92B9FFACB75" value="true"/>
</engineerTo>
<useDomainConstraints>false</useDomainConstraints>
<use>1</use>
<logicalDatatype>LOGDT024</logicalDatatype>
<dataTypeSize>100</dataTypeSize>
<ownDataTypeParameters>100,,</ownDataTypeParameters>
</Attribute>
<Attribute name="data_inicio" id="8458B539-83B5-197E-8D9A-541FBD5CEEDA">
<createdBy>vitor</createdBy>
<createdTime>2025-04-19 21:27:22 UTC</createdTime>
<ownerDesignName>mer</ownerDesignName>
<engineerTo>
<item key="80F4B51F-6A32-81B6-F4EC-C92B9FFACB75" value="true"/>
</engineerTo>
<useDomainConstraints>false</useDomainConstraints>
<use>1</use>
<logicalDatatype>LOGDT007</logicalDatatype>
<ownDataTypeParameters>,,</ownDataTypeParameters>
</Attribute>
<Attribute name="data_fim" id="179D652E-A0B2-0F3D-A3A8-5B5E32F6451C">
<createdBy>vitor</createdBy>
<createdTime>2025-04-19 21:27:42 UTC</createdTime>
<ownerDesignName>mer</ownerDesignName>
<engineerTo>
<item key="80F4B51F-6A32-81B6-F4EC-C92B9FFACB75" value="true"/>
</engineerTo>
<nullsAllowed>true</nullsAllowed>
<useDomainConstraints>false</useDomainConstraints>
<use>1</use>
<logicalDatatype>LOGDT007</logicalDatatype>
<ownDataTypeParameters>,,</ownDataTypeParameters>
</Attribute>
<Attribute name="id_ajuste" id="977B3A82-062B-6B70-ACA2-FCFF39868F8A">
<createdBy>vitor</createdBy>
<createdTime>2025-04-19 22:34:33 UTC</createdTime>
<generatorID>F2B12341-FC5A-8E8D-1C4F-2F61BCF0DB84</generatorID>
<ownerDesignName>mer</ownerDesignName>
<engineerTo>
<item key="80F4B51F-6A32-81B6-F4EC-C92B9FFACB75" value="true"/>
</engineerTo>
<referedAttribute>BC051D48-9DDD-00E7-F86C-390CCE003773</referedAttribute>
<useDomainConstraints>false</useDomainConstraints>
<use>1</use>
<logicalDatatype>LOGDT011</logicalDatatype>
<ownDataTypeParameters>,,</ownDataTypeParameters>
</Attribute>
</attributes>
<identifiers itemClass="oracle.dbtools.crest.model.design.logical.CandidateKey">
<identifier id="9AC45E09-691B-9342-1B02-9C1D61DA4876" name="Plantação PK">
<createdBy>vitor</createdBy>
<createdTime>2025-04-19 21:26:42 UTC</createdTime>
<ownerDesignName>mer</ownerDesignName>
<shouldEngineer>false</shouldEngineer>
<engineerTo>
<item key="80F4B51F-6A32-81B6-F4EC-C92B9FFACB75" value="false"/>
</engineerTo>
<pk>true</pk>
<usedAttributes>
<attributeRef>07D7D34B-8A33-891F-8ED3-7E8D7C1078CB</attributeRef>
</usedAttributes>
</identifier>
</identifiers>
</Entity>