<?xml version = '1.0' encoding = 'UTF-8'?>
<Entity class="oracle.dbtools.crest.model.design.logical.Entity" directorySegmentName="seg_0" id="A4389AC9-DDBF-2A22-90EF-F5E3AC38C0D6" name="Ajuste">
<createdBy>vitor</createdBy>
<createdTime>2025-04-19 21:36:54 UTC</createdTime>
<ownerDesignName>mer</ownerDesignName>
<engineerTo>
<item key="80F4B51F-6A32-81B6-F4EC-C92B9FFACB75" value="true"/>
</engineerTo>
<adequatelyNormalized>NO</adequatelyNormalized>
<expectedVolumes>0</expectedVolumes>
<fwdEngineeringStrategyName>Single Table</fwdEngineeringStrategyName>
<growthPercent>0</growthPercent>
<growthType>Year</growthType>
<maxVolumes>9999999</maxVolumes>
<minVolumes>0</minVolumes>
<normalForm>Third</normalForm>
<attributes itemClass="oracle.dbtools.crest.model.design.logical.Attribute">
<Attribute name="id_ajuste" id="BC051D48-9DDD-00E7-F86C-390CCE003773">
<createdBy>vitor</createdBy>
<createdTime>2025-04-19 21:37:01 UTC</createdTime>
<ownerDesignName>mer</ownerDesignName>
<engineerTo>
<item key="80F4B51F-6A32-81B6-F4EC-C92B9FFACB75" value="true"/>
</engineerTo>
<useDomainConstraints>false</useDomainConstraints>
<use>1</use>
<logicalDatatype>LOGDT011</logicalDatatype>
<ownDataTypeParameters>,,</ownDataTypeParameters>
</Attribute>
<Attribute name="id_plantacao" id="788268F2-5831-9A26-36B4-16737A9EBA65">
<createdBy>vitor</createdBy>
<createdTime>2025-04-19 21:37:23 UTC</createdTime>
<ownerDesignName>mer</ownerDesignName>
<engineerTo>
<item key="80F4B51F-6A32-81B6-F4EC-C92B9FFACB75" value="true"/>
</engineerTo>
<useDomainConstraints>false</useDomainConstraints>
<use>1</use>
<logicalDatatype>LOGDT011</logicalDatatype>
<ownDataTypeParameters>,,</ownDataTypeParameters>
</Attribute>
<Attribute name="data_hora_ajuste" id="E872DC28-1868-4DA4-F1C2-9702C108B8A3">
<createdBy>vitor</createdBy>
<createdTime>2025-04-19 21:37:49 UTC</createdTime>
<ownerDesignName>mer</ownerDesignName>
<engineerTo>
<item key="80F4B51F-6A32-81B6-F4EC-C92B9FFACB75" value="true"/>
</engineerTo>
<useDomainConstraints>false</useDomainConstraints>
<use>1</use>
<logicalDatatype>LOGDT047</logicalDatatype>
<ownDataTypeParameters>,,</ownDataTypeParameters>
</Attribute>
<Attribute name="quantidade_agua" id="9EAF686C-20F9-BD58-3FFE-45BEF803AED7">
<createdBy>vitor</createdBy>
<createdTime>2025-04-19 21:39:03 UTC</createdTime>
<ownerDesignName>mer</ownerDesignName>
<engineerTo>
<item key="80F4B51F-6A32-81B6-F4EC-C92B9FFACB75" value="true"/>
</engineerTo>
<useDomainConstraints>false</useDomainConstraints>
<use>1</use>
<logicalDatatype>LOGDT020</logicalDatatype>
<ownDataTypeParameters>,,</ownDataTypeParameters>
</Attribute>
<Attribute name="quantidade_fertilizante " id="17117C39-36F6-D736-0053-76602D5BCDF6">
<createdBy>vitor</createdBy>
<createdTime>2025-04-19 21:39:36 UTC</createdTime>
<ownerDesignName>mer</ownerDesignName>
<engineerTo>
<item key="80F4B51F-6A32-81B6-F4EC-C92B9FFACB75" value="true"/>
</engineerTo>
<useDomainConstraints>false</useDomainConstraints>
<use>1</use>
<logicalDatatype>LOGDT020</logicalDatatype>
<ownDataTypeParameters>,,</ownDataTypeParameters>
</Attribute>
<Attribute name="descricao_ajuste " id="01010C2A-2C71-0425-51D1-AFF5FE0D5549">
<createdBy>vitor</createdBy>
<createdTime>2025-04-19 21:39:55 UTC</createdTime>
<ownerDesignName>mer</ownerDesignName>
<engineerTo>
<item key="80F4B51F-6A32-81B6-F4EC-C92B9FFACB75" value="true"/>
</engineerTo>
<useDomainConstraints>false</useDomainConstraints>
<use>1</use>
<logicalDatatype>LOGDT024</logicalDatatype>
<dataTypeSize>100</dataTypeSize>
<ownDataTypeParameters>100,,</ownDataTypeParameters>
</Attribute>
</attributes>
<identifiers itemClass="oracle.dbtools.crest.model.design.logical.CandidateKey">
<identifier id="F8AA5311-9B2A-CA71-E239-6288CB5315B7" name="Ajuste PK">
<createdBy>vitor</createdBy>
<createdTime>2025-04-19 21:37:21 UTC</createdTime>
<ownerDesignName>mer</ownerDesignName>
<shouldEngineer>false</shouldEngineer>
<engineerTo>
<item key="80F4B51F-6A32-81B6-F4EC-C92B9FFACB75" value="false"/>
</engineerTo>
<pk>true</pk>
<usedAttributes>
<attributeRef>BC051D48-9DDD-00E7-F86C-390CCE003773</attributeRef>
</usedAttributes>
</identifier>
</identifiers>
</Entity>